name,manufacturer,size,available
Футболка игровая,Учебная фабрика,M,5
Футболка игровая,Учебная фабрика,XL,3
Шорты игровые,Учебная фабрика,M,2
Шорты игровые,Учебная фабрика,XL,1
Футболка игровая — облегчённая модель,Учебная фабрика,M,2
Футболка игровая — облегчённая модель,Учебная фабрика,XL,1
Шорты игровые — усиленная модель,Учебная фабрика,M,2
Шорты игровые — усиленная модель,Учебная фабрика,XL,1
Футболка игровая — резервная модель,Учебная фабрика,M,2
Футболка игровая — резервная модель,Учебная фабрика,XL,0
