order_id,ordered_at,full_name,category,name,manufacturer,size,quantity,unit_price
1,2026-04-02 00:00:00,Сидорова Анна Дмитриевна,Детская обувь,Кроссовки детские «Звёздочка» экокожа,Малыш-Спорт,20,1,2190
1,2026-04-02 00:00:00,Сидорова Анна Дмитриевна,Детская обувь,Сандалии детские «Пчёлка» ортопедические летние,Здоровый шаг,22,1,2790
2,2026-04-05 00:00:00,Павлова Елена Петровна,Женская обувь,Сапоги зимние натуральная кожа,Барбари,36,1,25000
2,2026-04-05 00:00:00,Павлова Елена Петровна,Женская обувь,Босоножки «Песчаный берег» коричневые,Стиль и комфорт,38,1,7500
3,2026-04-08 00:00:00,Васильева Ольга Игоревна,Женская обувь,Сапоги трубы демисезонные замшевые,Твой комфорт,37,1,17000
3,2026-04-08 00:00:00,Васильева Ольга Игоревна,Женская обувь,Кроссовки летние кожаные,Топ-Топ,37,1,8565
3,2026-04-08 00:00:00,Васильева Ольга Игоревна,Женская обувь,Кроссовки «Стиль и комфорт»,Стиль и комфорт,35,1,7795
4,2026-04-12 00:00:00,Лебедева Ирина Владимировна,Женская обувь,Туфли женские натуральная кожа с металлическими вставками,Кожевенные традиции,38,1,7757
4,2026-04-12 00:00:00,Лебедева Ирина Владимировна,Женская обувь,Демисезонные туфли натуральная кожа,Модный силуэт,38,1,12340
4,2026-04-12 00:00:00,Лебедева Ирина Владимировна,Женская обувь,Босоножки женские «Летний бриз»,Модный силуэт,39,1,7130
4,2026-04-12 00:00:00,Лебедева Ирина Владимировна,Женская обувь,Кроссовки кожаные,Стиль и комфорт,36,1,8765
4,2026-04-12 00:00:00,Лебедева Ирина Владимировна,Женская обувь,Сапоги осенние натуральная кожа,Барбари,39,1,15000
5,2026-04-18 00:00:00,Морозов Сергей Павлович,Мужская обувь,Кроссовки,Топ-Топ,41,1,9567
5,2026-04-18 00:00:00,Морозов Сергей Павлович,Мужская обувь,Ботинки мужские демисезонные,Барбари,41,1,21500
5,2026-04-18 00:00:00,Морозов Сергей Павлович,Мужская обувь,Кроссовки «Азимут Бег»,Азимут,39,1,7890
6,2026-04-22 00:00:00,Михайлова Татьяна Юрьевна,Мужская обувь,Черные туфли в классическом стиле,Барбари,40,1,24569
6,2026-04-22 00:00:00,Михайлова Татьяна Юрьевна,Мужская обувь,Ботинки черные из натуральной кожи,Кожевенные традиции,42,1,14567
6,2026-04-22 00:00:00,Михайлова Татьяна Юрьевна,Мужская обувь,Ботинки зимние классические,Барбари,41,1,15670
7,2026-04-25 00:00:00,Алексеев Артём Евгеньевич,Детская обувь,Сапожки детские «Принцесса» кожаные,Весна,18,1,4290
7,2026-04-25 00:00:00,Алексеев Артём Евгеньевич,Детская обувь,Кроссовки детские «Звёздочка» экокожа,Малыш-Спорт,21,2,2190
7,2026-04-25 00:00:00,Алексеев Артём Евгеньевич,Детская обувь,Сандалии детские «Морячок» текстильные с фиксатором,Карапуз,28,1,1690
8,2026-04-28 00:00:00,Николаев Владимир Иванович,Мужская обувь,Туфли из натуральной кожи,Берестов,44,1,25625
8,2026-04-28 00:00:00,Николаев Владимир Иванович,Мужская обувь,Кроссовки «Азимут Бег»,Азимут,40,3,7890
8,2026-04-28 00:00:00,Николаев Владимир Иванович,Мужская обувь,Кроссовки для бега «Драйв»,Азимут,43,2,6550
9,2026-05-05 00:00:00,Смирнов Дмитрий Владимирович,Детская обувь,Кроссовки детские «Гонщик» экокожа,Топ-Топ,33,1,2490
9,2026-05-05 00:00:00,Смирнов Дмитрий Владимирович,Детская обувь,Сапожки детские «Медвежонок» демисезонные непромокаемые,Северята,22,2,3190
10,2026-05-08 00:00:00,Павлова Елена Петровна,Женская обувь,Туфли классические лодочки натуральная кожа,Стиль и комфорт,35,1,7550
10,2026-05-08 00:00:00,Павлова Елена Петровна,Женская обувь,Босоножки женские «Летний бриз»,Модный силуэт,37,1,7130
10,2026-05-08 00:00:00,Павлова Елена Петровна,Женская обувь,Демисезонные туфли натуральная кожа,Модный силуэт,36,1,12340
10,2026-05-08 00:00:00,Павлова Елена Петровна,Женская обувь,Кроссовки кожаные,Стиль и комфорт,35,2,8765
