category,subcategory,image_path,name,manufacturer,description,composition,price
Детская обувь,Кроссовки,IMG_KS_195217.png,Кроссовки детские «Звёздочка» экокожа,Малыш-Спорт,"Кроссовки детские «Звёздочка» экокожа. Производитель: ООО «Малыш-Спорт», г. Смоленск","Верх — экокожа (полиуретан на хлопковой основе), подкладка — хлопок 100%, подошва — ПВХ",2190
Детская обувь,Кроссовки,IMG_KS_195213.png,Кроссовки детские «Гонщик» экокожа,Топ-Топ,"Кроссовки детские «Гонщик» экокожа. Производитель: Фабрика «Топ-Топ», г. Киров","Верх — экокожа (микрофибра), подкладка — текстиль сетчатый (полиэстер), подошва — термопластичная резина (ТЭП)",2490
Детская обувь,Кроссовки,IMG_KS_195222.png,Кроссовки детские «Радуга» экокожа перфорированная,Лапушка,"Кроссовки детские «Радуга» экокожа перфорированная. Производитель: ИП Смирнова Л.В. (бренд «Лапушка»), г. Вологда","Верх — экокожа перфорированная, вставки — нейлон, стелька — ортопедическая с латексной подушкой, подошва — ЭВА",1990
Детская обувь,Сапоги,IMG_KB_185501.png,Сапожки детские «Снежинка» зимние на меху,Тёплые ножки,"Сапожки детские «Снежинка» зимние на меху. Производитель: ООО «Тёплые ножки», г. Новосибирск","Верх — экокожа морозостойкая, утеплитель — искусственный мех (акрил 70%, полиэстер 30%), подкладка — флис, подошва — термоэластопласт (ТЭП)",3490
Детская обувь,Сапоги,IMG_KB_164816.png,Сапожки детские «Медвежонок» демисезонные непромокаемые,Северята,"Сапожки детские «Медвежонок» демисезонные непромокаемые. Производитель: Компания «Северята», г. Архангельск","Верх — плащёвая ткань с водоотталкивающей пропиткой (полиэстер 100%), отделка — экокожа, подкладка — микрофибра, мембрана — AirTex, подошва — резина",3190
Детская обувь,Сапоги,IMG_KB_164811.png,Сапожки детские «Принцесса» кожаные,Весна,"Сапожки детские «Принцесса» кожаные. Производитель: Мастерская «Весна», г. Тула","Верх — натуральная кожа (КРС), подкладка — шерсть натуральная (70%), байка (30%), стелька — войлочная, подошва — полиуретан",4290
Детская обувь,Босоножки,IMG_KSd_195207.png,Сандалии детские «Пчёлка» ортопедические летние,Здоровый шаг,"Сандалии детские «Пчёлка» ортопедические летние. Производитель: ООО «Здоровый шаг», г. Воронеж","Верх — нубук натуральный, подкладка — кожа растительного дубления, стелька — анатомическая с супинатором (латекс + пробка), подошва — каучук",2790
Детская обувь,Босоножки,IMG_KSd_185508.png,Сандалии детские «Морячок» текстильные с фиксатором,Карапуз,"Сандалии детские «Морячок» текстильные с фиксатором. Производитель: ИП Кузнецов А.Д. (бренд «Карапуз»), г. Краснодар","Верх — джинсовая ткань (хлопок 100%), окантовка — искусственная кожа, подкладка — хлопок, подошва — ЭВА лёгкая",1690
Детская обувь,Туфли,IMG_KSho_185512.png,Туфли детские «Бантик» лаковые праздничные,Маленький франт,"Туфли детские «Бантик» лаковые праздничные. Производитель: Дом обуви «Маленький франт», г. Москва","Верх — искусственная лаковая кожа (ПВХ), носок усиленный — термопластичный полиуретан, подкладка — кожа искусственная дышащая, стелька — анатомическая с амортизацией, подошва — полиуретан",2390
Женская обувь,Сапоги,IMG_WB_170905.png,Сапоги зимние натуральная кожа,Барбари,"Сапоги женские зимние, нескользящая, устойчивая подошва, натуральный мех. Производитель: Дом обуви «Барбари», г. Новороссийск","Верх — натуральная кожа, подкладка — евромех, натуральный мех, текстильный утеплитель, подошва — резина",25000
Женская обувь,Сапоги,IMG_WB_170859.png,Сапоги осенние натуральная кожа,Барбари,"Сапоги женские демисезонные из высококачественной натуральной кожи. Производитель: Дом обуви «Барбари», г. Новороссийск","Верх — натуральная кожа, подкладка — текстильный утеплитель, стелька — текстиль, подошва — ТПР",15000
Женская обувь,Сапоги,IMG_WB_170906.png,Сапоги трубы демисезонные замшевые,Твой комфорт,"Сапоги женские демисезонные замшевые. Производитель: ОАО «Твой комфорт», г. Ярославль","Верх — натуральная замша, утепленные, тракторная подошва, стелька — байка, подошва — резина",17000
Женская обувь,Босоножки,IMG_WSd_174332.png,Босоножки «Песчаный берег» коричневые,Стиль и комфорт,"Коричневая кожаная модель с открытым носком, боковой пряжкой и закрытым каблуком. Производитель: ИП «Стиль и комфорт», г. Санкт-Петербург","Верх — 100% козья кожа, подкладка — 100% кожа; подошва: 100% кожа",7500
Женская обувь,Босоножки,IMG_WSd_185156.png,Женские босоножки «Черный кофе» со скульптурным каблуком,Кожевенные традиции,"Открытый носок и ремешок со сборной пряжкой, низкий каблук и резиновая подошва гарантируют комфорт. Производитель: ЗАО «Кожевенные традиции», г. Вятка","Верх — кожа собственного производств, подкладка — кожа; подошва: резина",5600
Женская обувь,Босоножки,IMG_WSd_185551.png,Босоножки женские «Летний бриз»,Модный силуэт,"Босоножки женские кожаные белые, регулируемый ремешок, закрытый каблук и кожаная подошва. Производитель: ООО «Модный силуэт», г. Кострома","Верх — натуральная кожа, подкладка — натуральная кожа, подошва — кожа",7130
Женская обувь,Туфли,IMG_WSho_174409.png,Демисезонные туфли натуральная кожа,Модный силуэт,"Комфортные лаконичные лодочки, классический дизайна с современными акцентами. Производитель: ООО «Модный силуэт», г. Кострома","Верх — натуральная овечья кожа, подкладка и стелька — натуральная овечья кожа, подошва — резина",12340
Женская обувь,Туфли,IMG_WSho_185202.png,Туфли женские натуральная кожа с металлическими вставками,Кожевенные традиции,"Стильные туфли для весеннего и летнего сезона. Производитель: ЗАО «Кожевенные традиции», г. Вятка","Верх — натуральная телячьей кожа, металлическая пряжка, подкладка и стелька— натуральная овечья кожа, подошва — резина",7757
Женская обувь,Туфли,IMG_WSho_185545.png,Туфли классические лодочки натуральная кожа,Стиль и комфорт,"Модель из натуральной кожи, классический острый носок и изящная шпилька. Производитель: ИП «Стиль и комфорт», г. Санкт-Петербург","Верх — натуральная кожа, подкладка и стелька — натуральная кожа, подошва — тунит",7550
Женская обувь,Кроссовки,IMG_WS_174110.png,Кроссовки белые с оранжевым и красным,Топ-Топ,"Многослойный верх из кожи и текстиля. Производитель: Фабрика «Топ-Топ», г. Киров","Верх — 70% кожа, 30% текстиль, подкладка — текстиль, подошва — резина",9450
Женская обувь,Кроссовки,IMG_WS_185528.png,Кроссовки летние кожаные,Топ-Топ,"Уверенность на каждом шагу. Материал обеспечивает долговечность и комфорт при носке. Производитель: Фабрика «Топ-Топ», г. Киров","Верх — 87% кожа, 11% текстиль, 2% синтетика; подкладка: 100% текстиль; подошва: резина, пластик",8565
Женская обувь,Кроссовки,IMG_WS_185535.png,Кроссовки кожаные,Стиль и комфорт,"Кроссовки женские из натуральной кожи. Производитель: ИП «Стиль и комфорт», г. Санкт-Петербург","Верх — натуральная кожа, подкладка — кожа, подошва — полиуретан",8765
Женская обувь,Кроссовки,IMG_WS_185538.png,Кроссовки «Стиль и комфорт»,Стиль и комфорт,"Кроссовки женские из натуральной кожи и синтетических материалов, сетчатые вставки. Производитель: ИП «Стиль и комфорт», г. Санкт-Петербург","Верх — 70% кожа, 20% полиамид, 10% полиуретан; подкладка — текстиль, подошва — ТПУ",7795
Мужская обувь,Кроссовки,IMG_MS_185531.png,Кроссовки для бега «Драйв»,Азимут,"Сочетание стиля, комфорта и современных технологий. Производитель: Фабрика «Азимут», г. Санкт-Петербург","Верх —  сетка, подкладка — текстиль, подошва —  резина",6550
Мужская обувь,Кроссовки,IMG_MS_185532.png,Кроссовки «Азимут Бег»,Азимут,"Универсальный выбор для повседневного использования. Производитель: Фабрика «Азимут», г. Санкт-Петербург","Верх — 6% кожа, 29% текстиль, 15% полимерные материалы; подкладка — 100% текстиль; подошва — полимерные материалы, резина",7890
Мужская обувь,Кроссовки,IMG_MS_185533.png,Кроссовки,Топ-Топ,"Кроссовки для мужчин, идеальное сочетание стиля и комфорта. Производитель: Фабрика «Топ-Топ», г. Киров","Верх — 56% кожа, 29% текстиль, 15% полимерные материалы; подкладка — 100% текстиль; подошва — полимерные материалы, резина",9567
Мужская обувь,Туфли,IMG_MSho_190514.png,Черные туфли в классическом стиле — база для деловых образов,Барбари,"Модель выполнена из натуральной кожи, на резиновой подошве. Производитель: Дом обуви «Барбари», г. Новороссийск","Верх — натуральная кожа, подкладка — текстиль, стелька — натуральная кожа, подошва — резина",24569
Мужская обувь,Туфли,IMG_MSho_190518.png,Туфли мужские светлые классика демисезонные,Берестов,Туфли на низком каблуке кожаные,"Верх — натуральная кожа, подкладка — текстиль, стелька — натуральная кожа, подошва — ТЭП",10155
Мужская обувь,Туфли,IMG_MSho_191612.png,Туфли из натуральной кожи,Берестов,"Модель выполнена из натуральной кожи, на резиновой подошве, поддеживает классический и деловой стиль образов. Производитель: Дом обуви «Берестов», г. Москва","Верх — натуральная кожа, подкладка — натуральная кожа, стелька — натуральная кожа, подошва — резина",25625
Мужская обувь,Ботинки,IMG_MB_174349.png,Ботинки мужские демисезонные,Барбари,"Ботинки из натуральной кожи темно-коричневого и черного цвета на шнурках. Производитель: Дом обуви «Берестов», г. Москва","Верх — натуральная кожа, подкладка — текстиль, подошва — искусственный материал",21500
Мужская обувь,Ботинки,IMG_MB_191200.png,Ботинки черные из натуральной кожи,Кожевенные традиции,"Ботинки представляют баланс традиций и современности. Выполнены из натуральной кожи насыщенного черного цвета. Производитель: ЗАО «Кожевенные традиции», г. Вятка","Верх — натуральная кожа, подкладка — ворсин, стелька — ворсин, подошва — тунит",14567
Мужская обувь,Ботинки,IMG_MB_191205.png,Ботинки зимние классические,Барбари,"Выбор на каждый день — натуральная кожа, натуральный мех. Производитель: Дом обуви «Барбари», г. Новороссийск","Верх — натуральная кожа, подкладка — натуральный мех, стелька — натуральный мех, подошва — ТЭП",15670
