name,manufacturer,size,available
Кроссовки детские «Звёздочка» экокожа,Малыш-Спорт,20,20
Кроссовки детские «Звёздочка» экокожа,Малыш-Спорт,21,20
Кроссовки детские «Звёздочка» экокожа,Малыш-Спорт,22,20
Кроссовки детские «Звёздочка» экокожа,Малыш-Спорт,23,20
Кроссовки детские «Звёздочка» экокожа,Малыш-Спорт,24,20
Кроссовки детские «Звёздочка» экокожа,Малыш-Спорт,25,20
Кроссовки детские «Гонщик» экокожа,Топ-Топ,33,2
Кроссовки детские «Гонщик» экокожа,Топ-Топ,34,2
Кроссовки детские «Радуга» экокожа перфорированная,Лапушка,19,30
Кроссовки детские «Радуга» экокожа перфорированная,Лапушка,20,30
Сапожки детские «Снежинка» зимние на меху,Тёплые ножки,19,15
Сапожки детские «Снежинка» зимние на меху,Тёплые ножки,20,15
Сапожки детские «Медвежонок» демисезонные непромокаемые,Северята,21,5
Сапожки детские «Медвежонок» демисезонные непромокаемые,Северята,22,5
Сапожки детские «Медвежонок» демисезонные непромокаемые,Северята,23,5
Сапожки детские «Принцесса» кожаные,Весна,18,4
Сапожки детские «Принцесса» кожаные,Весна,19,4
Сапожки детские «Принцесса» кожаные,Весна,20,4
Сандалии детские «Пчёлка» ортопедические летние,Здоровый шаг,21,4
Сандалии детские «Пчёлка» ортопедические летние,Здоровый шаг,22,4
Сандалии детские «Пчёлка» ортопедические летние,Здоровый шаг,23,4
Сандалии детские «Пчёлка» ортопедические летние,Здоровый шаг,24,4
Сандалии детские «Морячок» текстильные с фиксатором,Карапуз,27,7
Сандалии детские «Морячок» текстильные с фиксатором,Карапуз,28,7
Сандалии детские «Морячок» текстильные с фиксатором,Карапуз,29,7
Сандалии детские «Морячок» текстильные с фиксатором,Карапуз,30,7
Туфли детские «Бантик» лаковые праздничные,Маленький франт,18,7
Туфли детские «Бантик» лаковые праздничные,Маленький франт,19,7
Туфли детские «Бантик» лаковые праздничные,Маленький франт,20,7
Сапоги зимние натуральная кожа,Барбари,36,12
Сапоги зимние натуральная кожа,Барбари,37,12
Сапоги осенние натуральная кожа,Барбари,39,2
Сапоги осенние натуральная кожа,Барбари,40,2
Сапоги трубы демисезонные замшевые,Твой комфорт,37,5
Сапоги трубы демисезонные замшевые,Твой комфорт,39,5
Сапоги трубы демисезонные замшевые,Твой комфорт,40,5
Босоножки «Песчаный берег» коричневые,Стиль и комфорт,36,10
Босоножки «Песчаный берег» коричневые,Стиль и комфорт,37,10
Босоножки «Песчаный берег» коричневые,Стиль и комфорт,38,10
Босоножки «Песчаный берег» коричневые,Стиль и комфорт,39,10
Босоножки «Песчаный берег» коричневые,Стиль и комфорт,40,10
Женские босоножки «Черный кофе» со скульптурным каблуком,Кожевенные традиции,35,3
Босоножки женские «Летний бриз»,Модный силуэт,37,23
Босоножки женские «Летний бриз»,Модный силуэт,39,23
Босоножки женские «Летний бриз»,Модный силуэт,40,23
Демисезонные туфли натуральная кожа,Модный силуэт,36,25
Демисезонные туфли натуральная кожа,Модный силуэт,37,25
Демисезонные туфли натуральная кожа,Модный силуэт,38,25
Туфли женские натуральная кожа с металлическими вставками,Кожевенные традиции,36,4
Туфли женские натуральная кожа с металлическими вставками,Кожевенные традиции,38,4
Туфли женские натуральная кожа с металлическими вставками,Кожевенные традиции,39,4
Туфли женские натуральная кожа с металлическими вставками,Кожевенные традиции,40,4
Туфли классические лодочки натуральная кожа,Стиль и комфорт,35,9
Туфли классические лодочки натуральная кожа,Стиль и комфорт,38,9
Кроссовки белые с оранжевым и красным,Топ-Топ,35,2
Кроссовки белые с оранжевым и красным,Топ-Топ,36,2
Кроссовки летние кожаные,Топ-Топ,37,5
Кроссовки летние кожаные,Топ-Топ,37.5,5
Кроссовки летние кожаные,Топ-Топ,38,5
Кроссовки летние кожаные,Топ-Топ,38.5,5
Кроссовки кожаные,Стиль и комфорт,35,16
Кроссовки кожаные,Стиль и комфорт,36,16
Кроссовки кожаные,Стиль и комфорт,38,16
Кроссовки кожаные,Стиль и комфорт,39,16
Кроссовки «Стиль и комфорт»,Стиль и комфорт,35,3
Кроссовки «Стиль и комфорт»,Стиль и комфорт,38,3
Кроссовки для бега «Драйв»,Азимут,41.5,18
Кроссовки для бега «Драйв»,Азимут,42,18
Кроссовки для бега «Драйв»,Азимут,42.5,18
Кроссовки для бега «Драйв»,Азимут,43,18
Кроссовки «Азимут Бег»,Азимут,38,50
Кроссовки «Азимут Бег»,Азимут,38.5,50
Кроссовки «Азимут Бег»,Азимут,39,50
Кроссовки «Азимут Бег»,Азимут,39.5,50
Кроссовки «Азимут Бег»,Азимут,40,50
Кроссовки «Азимут Бег»,Азимут,41,50
Кроссовки,Топ-Топ,41,3
Кроссовки,Топ-Топ,42,3
Кроссовки,Топ-Топ,44,3
Черные туфли в классическом стиле,Барбари,40,23
Черные туфли в классическом стиле,Барбари,41,23
Черные туфли в классическом стиле,Барбари,43,23
Туфли мужские светлые классика демисезонные,Берестов,42,15
Туфли мужские светлые классика демисезонные,Берестов,43,15
Туфли мужские светлые классика демисезонные,Берестов,44,15
Туфли из натуральной кожи,Берестов,44,3
Ботинки мужские демисезонные,Барбари,41,1
Ботинки мужские демисезонные,Барбари,42,1
Ботинки черные из натуральной кожи,Кожевенные традиции,42,20
Ботинки черные из натуральной кожи,Кожевенные традиции,43,20
Ботинки зимние классические,Барбари,41,30
Ботинки зимние классические,Барбари,42,30
