last_name,first_name,patronymic,login,role
Иванов,Иван,Сергеевич,isivanov,Администратор
Петров,Пeтр,Алексеевич,papetrov,Менеджер
Сидорова,Анна,Дмитриевна,asidorova,Авторизованный пользователь
Кузнецова,Екатерина,Андреевна,ekuznetsova,Менеджер
Смирнов,Дмитрий,Владимирович,dsmirnov,Авторизованный пользователь
Попов,Алексей,Николаевич,apopov,Администратор
Васильева,Ольга,Игоревна,ovasileva,Авторизованный пользователь
Соколов,Павел,Викторович,psokolov,Менеджер
Михайлова,Татьяна,Юрьевна,tmikhailova,Авторизованный пользователь
Новикова,Наталья,Сергеевна,nnovikova,Менеджер
Фёдоров,Андрей,Максимович,afedorov,Администратор
Морозов,Сергей,Павлович,smorozov,Авторизованный пользователь
Волкова,Юлия,Александровна,jvolkova,Менеджер
Алексеев,Артём,Евгеньевич,aalekseev,Авторизованный пользователь
Лебедева,Ирина,Владимировна,ilebedeva,Авторизованный пользователь
Егоров,Никита,Денисович,negorov,Менеджер
Павлова,Елена,Петровна,epavlova,Авторизованный пользователь
Козлов,Роман,Олегович,rkozlov,Администратор
Степанова,Виктория,Романовна,vstepanova,Менеджер
Николаев,Владимир,Иванович,vnikolaev,Авторизованный пользователь
